id,gid,x,y,v_x,v_y,radius,time
0,0,-8.933333,-1.022222,0.666667,-0.222222,0.750000,0.100000
1,0,-8.933333,0.977778,0.666667,-0.222222,0.750000,0.100000
2,1,-0.130000,0.000000,-1.300000,0.000000,0.750000,0.100000
0,0,-8.822222,-1.044444,1.111111,-0.222222,0.750000,0.200000
1,0,-8.822222,0.955556,1.111111,-0.222222,0.750000,0.200000
2,1,-0.260000,0.000000,-1.300000,0.000000,0.750000,0.200000
0,0,-8.711111,-1.066667,1.111111,-0.222222,0.750000,0.300000
1,0,-8.711111,0.933333,1.111111,-0.222222,0.750000,0.300000
2,1,-0.390000,0.000000,-1.300000,0.000000,0.750000,0.300000
0,0,-8.600000,-1.088889,1.111111,-0.222222,0.750000,0.400000
1,0,-8.600000,0.911111,1.111111,-0.222222,0.750000,0.400000
2,1,-0.520000,0.000000,-1.300000,0.000000,0.750000,0.400000
0,0,-8.488889,-1.111111,1.111111,-0.222222,0.750000,0.500000
1,0,-8.488889,0.888889,1.111111,-0.222222,0.750000,0.500000
2,1,-0.650000,0.000000,-1.300000,0.000000,0.750000,0.500000
0,0,-8.377778,-1.133333,1.111111,-0.222222,0.750000,0.600000
1,0,-8.377778,0.866667,1.111111,-0.222222,0.750000,0.600000
2,1,-0.780000,0.000000,-1.300000,0.000000,0.750000,0.600000
0,0,-8.266667,-1.155556,1.111111,-0.222222,0.750000,0.700000
1,0,-8.266667,0.844444,1.111111,-0.222222,0.750000,0.700000
2,1,-0.910000,0.000000,-1.300000,0.000000,0.750000,0.700000
0,0,-8.155556,-1.177778,1.111111,-0.222222,0.750000,0.800000
1,0,-8.155556,0.822222,1.111111,-0.222222,0.750000,0.800000
2,1,-1.040000,0.000000,-1.300000,0.000000,0.750000,0.800000
0,0,-8.044444,-1.200000,1.111111,-0.222222,0.750000,0.900000
1,0,-8.044444,0.800000,1.111111,-0.222222,0.750000,0.900000
2,1,-1.170000,0.000000,-1.300000,0.000000,0.750000,0.900000
0,0,-7.933333,-1.222222,1.111111,-0.222222,0.750000,1.000000
1,0,-7.933333,0.777778,1.111111,-0.222222,0.750000,1.000000
2,1,-1.300000,0.000000,-1.300000,0.000000,0.750000,1.000000
0,0,-7.822222,-1.244444,1.111111,-0.222222,0.750000,1.100000
1,0,-7.822222,0.755556,1.111111,-0.222222,0.750000,1.100000
2,1,-1.430000,0.000000,-1.300000,0.000000,0.750000,1.100000
0,0,-7.711111,-1.266667,1.111111,-0.222222,0.750000,1.200000
1,0,-7.711111,0.733333,1.111111,-0.222222,0.750000,1.200000
2,1,-1.560000,0.000000,-1.300000,0.000000,0.750000,1.200000
0,0,-7.600000,-1.288889,1.111111,-0.222222,0.750000,1.300000
1,0,-7.600000,0.711111,1.111111,-0.222222,0.750000,1.300000
2,1,-1.690000,0.000000,-1.300000,0.000000,0.750000,1.300000
0,0,-7.488889,-1.311111,1.111111,-0.222222,0.750000,1.400000
1,0,-7.488889,0.688889,1.111111,-0.222222,0.750000,1.400000
2,1,-1.820000,0.000000,-1.300000,0.000000,0.750000,1.400000
0,0,-7.377778,-1.333333,1.111111,-0.222222,0.750000,1.500000
1,0,-7.377778,0.666667,1.111111,-0.222222,0.750000,1.500000
2,1,-1.950000,0.000000,-1.300000,0.000000,0.750000,1.500000
0,0,-7.266667,-1.355556,1.111111,-0.222222,0.750000,1.600000
1,0,-7.266667,0.644444,1.111111,-0.222222,0.750000,1.600000
2,1,-2.080000,0.000000,-1.300000,0.000000,0.750000,1.600000
0,0,-7.155556,-1.377778,1.111111,-0.222222,0.750000,1.700000
1,0,-7.155556,0.622222,1.111111,-0.222222,0.750000,1.700000
2,1,-2.210000,0.000000,-1.300000,0.000000,0.750000,1.700000
0,0,-7.044444,-1.400000,1.111111,-0.222222,0.750000,1.800000
1,0,-7.044444,0.600000,1.111111,-0.222222,0.750000,1.800000
2,1,-2.321111,-0.066667,-1.111111,-0.666667,0.750000,1.800000
0,0,-6.933333,-1.422222,1.111111,-0.222222,0.750000,1.900000
1,0,-6.933333,0.577778,1.111111,-0.222222,0.750000,1.900000
2,1,-2.432222,-0.133333,-1.111111,-0.666667,0.750000,1.900000
0,0,-6.822222,-1.444444,1.111111,-0.222222,0.750000,2.000000
1,0,-6.822222,0.555556,1.111111,-0.222222,0.750000,2.000000
2,1,-2.543333,-0.200000,-1.111111,-0.666667,0.750000,2.000000
0,0,-6.711111,-1.466667,1.111111,-0.222222,0.750000,2.100000
1,0,-6.711111,0.533333,1.111111,-0.222222,0.750000,2.100000
2,1,-2.654444,-0.266667,-1.111111,-0.666667,0.750000,2.100000
0,0,-6.600000,-1.488889,1.111111,-0.222222,0.750000,2.200000
1,0,-6.600000,0.511111,1.111111,-0.222222,0.750000,2.200000
2,1,-2.765556,-0.333333,-1.111111,-0.666667,0.750000,2.200000
0,0,-6.488889,-1.511111,1.111111,-0.222222,0.750000,2.300000
1,0,-6.488889,0.488889,1.111111,-0.222222,0.750000,2.300000
2,1,-2.876667,-0.400000,-1.111111,-0.666667,0.750000,2.300000
0,0,-6.377778,-1.533333,1.111111,-0.222222,0.750000,2.400000
1,0,-6.377778,0.466667,1.111111,-0.222222,0.750000,2.400000
2,1,-2.987778,-0.466667,-1.111111,-0.666667,0.750000,2.400000
0,0,-6.266667,-1.555556,1.111111,-0.222222,0.750000,2.500000
1,0,-6.266667,0.444444,1.111111,-0.222222,0.750000,2.500000
2,1,-3.098889,-0.533333,-1.111111,-0.666667,0.750000,2.500000
0,0,-6.155556,-1.577778,1.111111,-0.222222,0.750000,2.600000
1,0,-6.155556,0.422222,1.111111,-0.222222,0.750000,2.600000
2,1,-3.210000,-0.600000,-1.111111,-0.666667,0.750000,2.600000
0,0,-6.044444,-1.600000,1.111111,-0.222222,0.750000,2.700000
1,0,-6.044444,0.400000,1.111111,-0.222222,0.750000,2.700000
2,1,-3.321111,-0.577778,-1.111111,0.222222,0.750000,2.700000
0,0,-5.933333,-1.622222,1.111111,-0.222222,0.750000,2.800000
1,0,-5.933333,0.377778,1.111111,-0.222222,0.750000,2.800000
2,1,-3.387778,-0.644444,-0.666667,-0.666667,0.750000,2.800000
0,0,-5.822222,-1.644444,1.111111,-0.222222,0.750000,2.900000
1,0,-5.822222,0.355556,1.111111,-0.222222,0.750000,2.900000
2,1,-3.454444,-0.622222,-0.666667,0.222222,0.750000,2.900000
0,0,-5.711111,-1.666667,1.111111,-0.222222,0.750000,3.000000
1,0,-5.711111,0.333333,1.111111,-0.222222,0.750000,3.000000
2,1,-3.521111,-0.688889,-0.666667,-0.666667,0.750000,3.000000
0,0,-5.600000,-1.688889,1.111111,-0.222222,0.750000,3.100000
1,0,-5.600000,0.311111,1.111111,-0.222222,0.750000,3.100000
2,1,-3.543333,-0.666667,-0.222222,0.222222,0.750000,3.100000
0,0,-5.488889,-1.711111,1.111111,-0.222222,0.750000,3.200000
1,0,-5.488889,0.288889,1.111111,-0.222222,0.750000,3.200000
2,1,-3.565556,-0.733333,-0.222222,-0.666667,0.750000,3.200000
0,0,-5.377778,-1.733333,1.111111,-0.222222,0.750000,3.300000
1,0,-5.377778,0.266667,1.111111,-0.222222,0.750000,3.300000
2,1,-3.587778,-0.711111,-0.222222,0.222222,0.750000,3.300000
0,0,-5.266667,-1.755556,1.111111,-0.222222,0.750000,3.400000
1,0,-5.266667,0.244444,1.111111,-0.222222,0.750000,3.400000
2,1,-3.565556,-0.777778,0.222222,-0.666667,0.750000,3.400000
0,0,-5.244444,-1.777778,0.222222,-0.222222,0.750000,3.500000
1,0,-5.155556,0.222222,1.111111,-0.222222,0.750000,3.500000
2,1,-3.543333,-0.755556,0.222222,0.222222,0.750000,3.500000
0,0,-5.177778,-1.800000,0.666667,-0.222222,0.750000,3.600000
1,0,-5.044444,0.288889,1.111111,0.666667,0.750000,3.600000
2,1,-3.521111,-0.822222,0.222222,-0.666667,0.750000,3.600000
0,0,-5.155556,-1.822222,0.222222,-0.222222,0.750000,3.700000
1,0,-4.933333,0.311111,1.111111,0.222222,0.750000,3.700000
2,1,-3.543333,-0.844444,-0.222222,-0.222222,0.750000,3.700000
0,0,-5.088889,-1.888889,0.666667,-0.666667,0.750000,3.800000
1,0,-4.822222,0.333333,1.111111,0.222222,0.750000,3.800000
2,1,-3.565556,-0.866667,-0.222222,-0.222222,0.750000,3.800000
0,0,-5.022222,-1.955556,0.666667,-0.666667,0.750000,3.900000
1,0,-4.711111,0.355556,1.111111,0.222222,0.750000,3.900000
2,1,-3.587778,-0.888889,-0.222222,-0.222222,0.750000,3.900000
0,0,-4.955556,-2.022222,0.666667,-0.666667,0.750000,4.000000
1,0,-4.600000,0.377778,1.111111,0.222222,0.750000,4.000000
2,1,-3.610000,-0.911111,-0.222222,-0.222222,0.750000,4.000000
0,0,-4.888889,-2.088889,0.666667,-0.666667,0.750000,4.100000
1,0,-4.488889,0.400000,1.111111,0.222222,0.750000,4.100000
2,1,-3.632222,-0.933333,-0.222222,-0.222222,0.750000,4.100000
0,0,-4.822222,-2.155556,0.666667,-0.666667,0.750000,4.200000
1,0,-4.377778,0.422222,1.111111,0.222222,0.750000,4.200000
2,1,-3.698889,-0.955556,-0.666667,-0.222222,0.750000,4.200000
0,0,-4.800000,-2.222222,0.222222,-0.666667,0.750000,4.300000
1,0,-4.266667,0.444444,1.111111,0.222222,0.750000,4.300000
2,1,-3.765556,-0.977778,-0.666667,-0.222222,0.750000,4.300000
0,0,-4.733333,-2.288889,0.666667,-0.666667,0.750000,4.400000
1,0,-4.155556,0.466667,1.111111,0.222222,0.750000,4.400000
2,1,-3.832222,-1.000000,-0.666667,-0.222222,0.750000,4.400000
0,0,-4.666667,-2.355556,0.666667,-0.666667,0.750000,4.500000
1,0,-4.044444,0.488889,1.111111,0.222222,0.750000,4.500000
2,1,-3.943333,-1.022222,-1.111111,-0.222222,0.750000,4.500000
0,0,-4.555556,-2.466667,1.111111,-1.111111,0.750000,4.600000
1,0,-3.933333,0.511111,1.111111,0.222222,0.750000,4.600000
2,1,-4.054444,-1.044444,-1.111111,-0.222222,0.750000,4.600000
0,0,-4.488889,-2.533333,0.666667,-0.666667,0.750000,4.700000
1,0,-3.822222,0.533333,1.111111,0.222222,0.750000,4.700000
2,1,-4.165556,-1.066667,-1.111111,-0.222222,0.750000,4.700000
0,0,-4.377778,-2.600000,1.111111,-0.666667,0.750000,4.800000
1,0,-3.711111,0.555556,1.111111,0.222222,0.750000,4.800000
2,1,-4.276667,-1.088889,-1.111111,-0.222222,0.750000,4.800000
0,0,-4.266667,-2.622222,1.111111,-0.222222,0.750000,4.900000
1,0,-3.600000,0.577778,1.111111,0.222222,0.750000,4.900000
2,1,-4.387778,-1.111111,-1.111111,-0.222222,0.750000,4.900000
0,0,-4.155556,-2.644444,1.111111,-0.222222,0.750000,5.000000
1,0,-3.488889,0.600000,1.111111,0.222222,0.750000,5.000000
2,1,-4.498889,-1.133333,-1.111111,-0.222222,0.750000,5.000000
0,0,-4.044444,-2.666667,1.111111,-0.222222,0.750000,5.100000
1,0,-3.377778,0.622222,1.111111,0.222222,0.750000,5.100000
2,1,-4.610000,-1.155556,-1.111111,-0.222222,0.750000,5.100000
0,0,-3.933333,-2.688889,1.111111,-0.222222,0.750000,5.200000
1,0,-3.266667,0.644444,1.111111,0.222222,0.750000,5.200000
2,1,-4.721111,-1.177778,-1.111111,-0.222222,0.750000,5.200000
0,0,-3.822222,-2.711111,1.111111,-0.222222,0.750000,5.300000
1,0,-3.155556,0.666667,1.111111,0.222222,0.750000,5.300000
2,1,-4.832222,-1.200000,-1.111111,-0.222222,0.750000,5.300000
0,0,-3.711111,-2.733333,1.111111,-0.222222,0.750000,5.400000
1,0,-3.044444,0.688889,1.111111,0.222222,0.750000,5.400000
2,1,-4.943333,-1.222222,-1.111111,-0.222222,0.750000,5.400000
0,0,-3.600000,-2.755556,1.111111,-0.222222,0.750000,5.500000
1,0,-2.933333,0.711111,1.111111,0.222222,0.750000,5.500000
2,1,-5.054444,-1.244444,-1.111111,-0.222222,0.750000,5.500000
0,0,-3.488889,-2.777778,1.111111,-0.222222,0.750000,5.600000
1,0,-2.822222,0.733333,1.111111,0.222222,0.750000,5.600000
2,1,-5.165556,-1.266667,-1.111111,-0.222222,0.750000,5.600000
0,0,-3.377778,-2.800000,1.111111,-0.222222,0.750000,5.700000
1,0,-2.711111,0.755556,1.111111,0.222222,0.750000,5.700000
2,1,-5.276667,-1.288889,-1.111111,-0.222222,0.750000,5.700000
0,0,-3.266667,-2.822222,1.111111,-0.222222,0.750000,5.800000
1,0,-2.600000,0.777778,1.111111,0.222222,0.750000,5.800000
2,1,-5.387778,-1.311111,-1.111111,-0.222222,0.750000,5.800000
0,0,-3.155556,-2.844444,1.111111,-0.222222,0.750000,5.900000
1,0,-2.488889,0.800000,1.111111,0.222222,0.750000,5.900000
2,1,-5.498889,-1.333333,-1.111111,-0.222222,0.750000,5.900000
0,0,-3.044444,-2.866667,1.111111,-0.222222,0.750000,6.000000
1,0,-2.377778,0.822222,1.111111,0.222222,0.750000,6.000000
2,1,-5.610000,-1.355556,-1.111111,-0.222222,0.750000,6.000000
0,0,-2.933333,-2.888889,1.111111,-0.222222,0.750000,6.100000
1,0,-2.266667,0.844444,1.111111,0.222222,0.750000,6.100000
2,1,-5.721111,-1.377778,-1.111111,-0.222222,0.750000,6.100000
0,0,-2.822222,-2.911111,1.111111,-0.222222,0.750000,6.200000
1,0,-2.155556,0.866667,1.111111,0.222222,0.750000,6.200000
2,1,-5.832222,-1.400000,-1.111111,-0.222222,0.750000,6.200000
0,0,-2.711111,-2.933333,1.111111,-0.222222,0.750000,6.300000
1,0,-2.044444,0.888889,1.111111,0.222222,0.750000,6.300000
2,1,-5.943333,-1.422222,-1.111111,-0.222222,0.750000,6.300000
0,0,-2.600000,-2.955556,1.111111,-0.222222,0.750000,6.400000
1,0,-1.933333,0.911111,1.111111,0.222222,0.750000,6.400000
2,1,-6.054444,-1.444444,-1.111111,-0.222222,0.750000,6.400000
0,0,-2.488889,-2.977778,1.111111,-0.222222,0.750000,6.500000
1,0,-1.822222,0.933333,1.111111,0.222222,0.750000,6.500000
2,1,-6.165556,-1.466667,-1.111111,-0.222222,0.750000,6.500000
0,0,-2.377778,-3.000000,1.111111,-0.222222,0.750000,6.600000
1,0,-1.711111,0.955556,1.111111,0.222222,0.750000,6.600000
2,1,-6.276667,-1.488889,-1.111111,-0.222222,0.750000,6.600000
0,0,-2.266667,-3.022222,1.111111,-0.222222,0.750000,6.700000
1,0,-1.600000,0.977778,1.111111,0.222222,0.750000,6.700000
2,1,-6.387778,-1.511111,-1.111111,-0.222222,0.750000,6.700000
0,0,-2.155556,-3.044444,1.111111,-0.222222,0.750000,6.800000
1,0,-1.488889,1.000000,1.111111,0.222222,0.750000,6.800000
2,1,-6.498889,-1.533333,-1.111111,-0.222222,0.750000,6.800000
0,0,-2.044444,-3.066667,1.111111,-0.222222,0.750000,6.900000
1,0,-1.377778,1.022222,1.111111,0.222222,0.750000,6.900000
2,1,-6.610000,-1.555556,-1.111111,-0.222222,0.750000,6.900000
0,0,-1.933333,-3.088889,1.111111,-0.222222,0.750000,7.000000
1,0,-1.266667,1.044444,1.111111,0.222222,0.750000,7.000000
2,1,-6.721111,-1.577778,-1.111111,-0.222222,0.750000,7.000000
0,0,-1.822222,-3.111111,1.111111,-0.222222,0.750000,7.100000
1,0,-1.155556,1.066667,1.111111,0.222222,0.750000,7.100000
2,1,-6.849272,-1.555985,-1.281604,0.217923,0.750000,7.100000
0,0,-1.711111,-3.133333,1.111111,-0.222222,0.750000,7.200000
1,0,-1.044444,1.088889,1.111111,0.222222,0.750000,7.200000
2,1,-6.977432,-1.534193,-1.281604,0.217923,0.750000,7.200000
0,0,-1.600000,-3.155556,1.111111,-0.222222,0.750000,7.300000
1,0,-0.933333,1.111111,1.111111,0.222222,0.750000,7.300000
2,1,-7.105592,-1.512401,-1.281604,0.217923,0.750000,7.300000
0,0,-1.488889,-3.177778,1.111111,-0.222222,0.750000,7.400000
1,0,-0.822222,1.133333,1.111111,0.222222,0.750000,7.400000
2,1,-7.233753,-1.490608,-1.281604,0.217923,0.750000,7.400000
0,0,-1.377778,-3.200000,1.111111,-0.222222,0.750000,7.500000
1,0,-0.711111,1.155556,1.111111,0.222222,0.750000,7.500000
2,1,-7.361913,-1.468816,-1.281604,0.217923,0.750000,7.500000
0,0,-1.266667,-3.222222,1.111111,-0.222222,0.750000,7.600000
1,0,-0.600000,1.177778,1.111111,0.222222,0.750000,7.600000
2,1,-7.490074,-1.447024,-1.281604,0.217923,0.750000,7.600000
0,0,-1.155556,-3.244444,1.111111,-0.222222,0.750000,7.700000
1,0,-0.488889,1.200000,1.111111,0.222222,0.750000,7.700000
2,1,-7.618234,-1.425231,-1.281604,0.217923,0.750000,7.700000
0,0,-1.044444,-3.266667,1.111111,-0.222222,0.750000,7.800000
1,0,-0.377778,1.222222,1.111111,0.222222,0.750000,7.800000
2,1,-7.746394,-1.403439,-1.281604,0.217923,0.750000,7.800000
0,0,-0.933333,-3.288889,1.111111,-0.222222,0.750000,7.900000
1,0,-0.266667,1.244444,1.111111,0.222222,0.750000,7.900000
2,1,-7.874555,-1.381647,-1.281604,0.217923,0.750000,7.900000
0,0,-0.822222,-3.311111,1.111111,-0.222222,0.750000,8.000000
1,0,-0.155556,1.266667,1.111111,0.222222,0.750000,8.000000
2,1,-8.002715,-1.359854,-1.281604,0.217923,0.750000,8.000000
0,0,-0.711111,-3.288889,1.111111,0.222222,0.750000,8.100000
1,0,-0.044444,1.288889,1.111111,0.222222,0.750000,8.100000
2,1,-8.130876,-1.338062,-1.281604,0.217923,0.750000,8.100000
0,0,-0.600000,-3.266667,1.111111,0.222222,0.750000,8.200000
1,0,0.066667,1.311111,1.111111,0.222222,0.750000,8.200000
2,1,-8.259036,-1.316270,-1.281604,0.217923,0.750000,8.200000
0,0,-0.488889,-3.244444,1.111111,0.222222,0.750000,8.300000
1,0,0.177778,1.333333,1.111111,0.222222,0.750000,8.300000
2,1,-8.387197,-1.294477,-1.281604,0.217923,0.750000,8.300000
0,0,-0.377778,-3.222222,1.111111,0.222222,0.750000,8.400000
1,0,0.288889,1.355556,1.111111,0.222222,0.750000,8.400000
2,1,-8.515357,-1.272685,-1.281604,0.217923,0.750000,8.400000
0,0,-0.266667,-3.200000,1.111111,0.222222,0.750000,8.500000
1,0,0.400000,1.377778,1.111111,0.222222,0.750000,8.500000
2,1,-8.643517,-1.250893,-1.281604,0.217923,0.750000,8.500000
0,0,-0.155556,-3.177778,1.111111,0.222222,0.750000,8.600000
1,0,0.511111,1.400000,1.111111,0.222222,0.750000,8.600000
2,1,-8.771678,-1.229100,-1.281604,0.217923,0.750000,8.600000
0,0,-0.044444,-3.155556,1.111111,0.222222,0.750000,8.700000
1,0,0.622222,1.422222,1.111111,0.222222,0.750000,8.700000
2,1,-8.899838,-1.207308,-1.281604,0.217923,0.750000,8.700000
0,0,0.066667,-3.133333,1.111111,0.222222,0.750000,8.800000
1,0,0.733333,1.444444,1.111111,0.222222,0.750000,8.800000
2,1,-9.027999,-1.185516,-1.281604,0.217923,0.750000,8.800000
0,0,0.177778,-3.111111,1.111111,0.222222,0.750000,8.900000
1,0,0.844444,1.466667,1.111111,0.222222,0.750000,8.900000
2,1,-9.156159,-1.163723,-1.281604,0.217923,0.750000,8.900000
0,0,0.288889,-3.088889,1.111111,0.222222,0.750000,9.000000
1,0,0.955556,1.488889,1.111111,0.222222,0.750000,9.000000
2,1,-9.284320,-1.141931,-1.281604,0.217923,0.750000,9.000000
0,0,0.400000,-3.066667,1.111111,0.222222,0.750000,9.100000
1,0,1.066667,1.511111,1.111111,0.222222,0.750000,9.100000
2,1,-9.412480,-1.120139,-1.281604,0.217923,0.750000,9.100000
0,0,0.511111,-3.044444,1.111111,0.222222,0.750000,9.200000
1,0,1.177778,1.533333,1.111111,0.222222,0.750000,9.200000
2,1,-9.540640,-1.098346,-1.281604,0.217923,0.750000,9.200000
0,0,0.622222,-3.022222,1.111111,0.222222,0.750000,9.300000
1,0,1.288889,1.555556,1.111111,0.222222,0.750000,9.300000
2,1,-9.668801,-1.076554,-1.281604,0.217923,0.750000,9.300000
0,0,0.733333,-3.000000,1.111111,0.222222,0.750000,9.400000
1,0,1.400000,1.577778,1.111111,0.222222,0.750000,9.400000
2,1,-9.796961,-1.054762,-1.281604,0.217923,0.750000,9.400000
0,0,0.844444,-2.977778,1.111111,0.222222,0.750000,9.500000
1,0,1.511111,1.600000,1.111111,0.222222,0.750000,9.500000
2,1,-9.925122,-1.032969,-1.281604,0.217923,0.750000,9.500000
0,0,0.955556,-2.955556,1.111111,0.222222,0.750000,9.600000
1,0,1.622222,1.622222,1.111111,0.222222,0.750000,9.600000
2,1,-10.053282,-1.011177,-1.281604,0.217923,0.750000,9.600000
0,0,1.066667,-2.933333,1.111111,0.222222,0.750000,9.700000
1,0,1.733333,1.644444,1.111111,0.222222,0.750000,9.700000
2,1,-10.181443,-0.989385,-1.281604,0.217923,0.750000,9.700000
0,0,1.177778,-2.911111,1.111111,0.222222,0.750000,9.800000
1,0,1.844444,1.666667,1.111111,0.222222,0.750000,9.800000
2,1,-10.309603,-0.967592,-1.281604,0.217923,0.750000,9.800000
0,0,1.288889,-2.888889,1.111111,0.222222,0.750000,9.900000
1,0,1.955556,1.688889,1.111111,0.222222,0.750000,9.900000
2,1,-10.437763,-0.945800,-1.281604,0.217923,0.750000,9.900000
0,0,1.400000,-2.866667,1.111111,0.222222,0.750000,10.000000
1,0,2.066667,1.711111,1.111111,0.222222,0.750000,10.000000
2,1,-10.565924,-0.924008,-1.281604,0.217923,0.750000,10.000000
0,0,1.511111,-2.844444,1.111111,0.222222,0.750000,10.100000
1,0,2.177778,1.733333,1.111111,0.222222,0.750000,10.100000
2,1,-10.694084,-0.902215,-1.281604,0.217923,0.750000,10.100000
0,0,1.622222,-2.822222,1.111111,0.222222,0.750000,10.200000
1,0,2.288889,1.755556,1.111111,0.222222,0.750000,10.200000
2,1,-10.822245,-0.880423,-1.281604,0.217923,0.750000,10.200000
0,0,1.733333,-2.800000,1.111111,0.222222,0.750000,10.300000
1,0,2.400000,1.777778,1.111111,0.222222,0.750000,10.300000
2,1,-10.950405,-0.858631,-1.281604,0.217923,0.750000,10.300000
0,0,1.844444,-2.777778,1.111111,0.222222,0.750000,10.400000
1,0,2.511111,1.800000,1.111111,0.222222,0.750000,10.400000
2,1,-11.078566,-0.836838,-1.281604,0.217923,0.750000,10.400000
0,0,1.955556,-2.755556,1.111111,0.222222,0.750000,10.500000
1,0,2.622222,1.822222,1.111111,0.222222,0.750000,10.500000
2,1,-11.206726,-0.815046,-1.281604,0.217923,0.750000,10.500000
0,0,2.066667,-2.733333,1.111111,0.222222,0.750000,10.600000
1,0,2.733333,1.844444,1.111111,0.222222,0.750000,10.600000
2,1,-11.334886,-0.793254,-1.281604,0.217923,0.750000,10.600000
0,0,2.177778,-2.711111,1.111111,0.222222,0.750000,10.700000
1,0,2.844444,1.866667,1.111111,0.222222,0.750000,10.700000
2,1,-11.463047,-0.771461,-1.281604,0.217923,0.750000,10.700000
0,0,2.288889,-2.688889,1.111111,0.222222,0.750000,10.800000
1,0,2.955556,1.888889,1.111111,0.222222,0.750000,10.800000
2,1,-11.591207,-0.749669,-1.281604,0.217923,0.750000,10.800000
0,0,2.400000,-2.666667,1.111111,0.222222,0.750000,10.900000
1,0,3.066667,1.911111,1.111111,0.222222,0.750000,10.900000
2,1,-11.719368,-0.727877,-1.281604,0.217923,0.750000,10.900000
0,0,2.511111,-2.644444,1.111111,0.222222,0.750000,11.000000
1,0,3.177778,1.933333,1.111111,0.222222,0.750000,11.000000
2,1,-11.847528,-0.706084,-1.281604,0.217923,0.750000,11.000000
0,0,2.622222,-2.622222,1.111111,0.222222,0.750000,11.100000
1,0,3.288889,1.955556,1.111111,0.222222,0.750000,11.100000
2,1,-11.975688,-0.684292,-1.281604,0.217923,0.750000,11.100000
0,0,2.733333,-2.600000,1.111111,0.222222,0.750000,11.200000
1,0,3.400000,1.977778,1.111111,0.222222,0.750000,11.200000
2,1,-12.103849,-0.662500,-1.281604,0.217923,0.750000,11.200000
0,0,2.844444,-2.577778,1.111111,0.222222,0.750000,11.300000
1,0,3.511111,2.000000,1.111111,0.222222,0.750000,11.300000
2,1,-12.232009,-0.640707,-1.281604,0.217923,0.750000,11.300000
0,0,2.955556,-2.555556,1.111111,0.222222,0.750000,11.400000
1,0,3.622222,2.022222,1.111111,0.222222,0.750000,11.400000
2,1,-12.360170,-0.618915,-1.281604,0.217923,0.750000,11.400000
0,0,3.066667,-2.533333,1.111111,0.222222,0.750000,11.500000
1,0,3.733333,2.044444,1.111111,0.222222,0.750000,11.500000
2,1,-12.488330,-0.597123,-1.281604,0.217923,0.750000,11.500000
0,0,3.177778,-2.511111,1.111111,0.222222,0.750000,11.600000
1,0,3.844444,2.066667,1.111111,0.222222,0.750000,11.600000
2,1,-12.616491,-0.575330,-1.281604,0.217923,0.750000,11.600000
0,0,3.288889,-2.488889,1.111111,0.222222,0.750000,11.700000
1,0,3.955556,2.088889,1.111111,0.222222,0.750000,11.700000
2,1,-12.744651,-0.553538,-1.281604,0.217923,0.750000,11.700000
0,0,3.400000,-2.466667,1.111111,0.222222,0.750000,11.800000
1,0,4.066667,2.111111,1.111111,0.222222,0.750000,11.800000
2,1,-12.872811,-0.531746,-1.281604,0.217923,0.750000,11.800000
0,0,3.511111,-2.444444,1.111111,0.222222,0.750000,11.900000
1,0,4.177778,2.133333,1.111111,0.222222,0.750000,11.900000
2,1,-13.000972,-0.509953,-1.281604,0.217923,0.750000,11.900000
0,0,3.622222,-2.422222,1.111111,0.222222,0.750000,12.000000
1,0,4.288889,2.155556,1.111111,0.222222,0.750000,12.000000
2,1,-13.129132,-0.488161,-1.281604,0.217923,0.750000,12.000000
0,0,3.733333,-2.400000,1.111111,0.222222,0.750000,12.100000
1,0,4.400000,2.177778,1.111111,0.222222,0.750000,12.100000
2,1,-13.257293,-0.466369,-1.281604,0.217923,0.750000,12.100000
0,0,3.844444,-2.377778,1.111111,0.222222,0.750000,12.200000
1,0,4.511111,2.200000,1.111111,0.222222,0.750000,12.200000
2,1,-13.385453,-0.444576,-1.281604,0.217923,0.750000,12.200000
0,0,3.955556,-2.355556,1.111111,0.222222,0.750000,12.300000
1,0,4.622222,2.222222,1.111111,0.222222,0.750000,12.300000
2,1,-13.513614,-0.422784,-1.281604,0.217923,0.750000,12.300000
0,0,4.066667,-2.333333,1.111111,0.222222,0.750000,12.400000
1,0,4.733333,2.244444,1.111111,0.222222,0.750000,12.400000
2,1,-13.641774,-0.400992,-1.281604,0.217923,0.750000,12.400000
0,0,4.177778,-2.311111,1.111111,0.222222,0.750000,12.500000
1,0,4.844444,2.266667,1.111111,0.222222,0.750000,12.500000
2,1,-13.769934,-0.379199,-1.281604,0.217923,0.750000,12.500000
0,0,4.288889,-2.288889,1.111111,0.222222,0.750000,12.600000
1,0,4.955556,2.288889,1.111111,0.222222,0.750000,12.600000
2,1,-13.898095,-0.357407,-1.281604,0.217923,0.750000,12.600000
0,0,4.400000,-2.266667,1.111111,0.222222,0.750000,12.700000
1,0,5.066667,2.311111,1.111111,0.222222,0.750000,12.700000
2,1,-14.026255,-0.335615,-1.281604,0.217923,0.750000,12.700000
0,0,4.511111,-2.244444,1.111111,0.222222,0.750000,12.800000
1,0,5.177778,2.333333,1.111111,0.222222,0.750000,12.800000
2,1,-14.154416,-0.313822,-1.281604,0.217923,0.750000,12.800000
0,0,4.622222,-2.222222,1.111111,0.222222,0.750000,12.900000
1,0,5.288889,2.355556,1.111111,0.222222,0.750000,12.900000
2,1,-14.282576,-0.292030,-1.281604,0.217923,0.750000,12.900000
0,0,4.733333,-2.200000,1.111111,0.222222,0.750000,13.000000
1,0,5.400000,2.377778,1.111111,0.222222,0.750000,13.000000
2,1,-14.410737,-0.270238,-1.281604,0.217923,0.750000,13.000000
0,0,4.844444,-2.177778,1.111111,0.222222,0.750000,13.100000
1,0,5.511111,2.400000,1.111111,0.222222,0.750000,13.100000
2,1,-14.538897,-0.248445,-1.281604,0.217923,0.750000,13.100000
0,0,4.955556,-2.155556,1.111111,0.222222,0.750000,13.200000
1,0,5.622222,2.422222,1.111111,0.222222,0.750000,13.200000
2,1,-14.667057,-0.226653,-1.281604,0.217923,0.750000,13.200000
0,0,5.066667,-2.133333,1.111111,0.222222,0.750000,13.300000
1,0,5.733333,2.444444,1.111111,0.222222,0.750000,13.300000
2,1,-14.795218,-0.204861,-1.281604,0.217923,0.750000,13.300000
0,0,5.177778,-2.111111,1.111111,0.222222,0.750000,13.400000
1,0,5.844444,2.466667,1.111111,0.222222,0.750000,13.400000
2,1,-14.923378,-0.183068,-1.281604,0.217923,0.750000,13.400000
0,0,5.288889,-2.088889,1.111111,0.222222,0.750000,13.500000
1,0,5.955556,2.488889,1.111111,0.222222,0.750000,13.500000
0,0,5.400000,-2.066667,1.111111,0.222222,0.750000,13.600000
1,0,6.066667,2.466667,1.111111,-0.222222,0.750000,13.600000
0,0,5.511111,-2.044444,1.111111,0.222222,0.750000,13.700000
1,0,6.177778,2.444444,1.111111,-0.222222,0.750000,13.700000
0,0,5.622222,-2.022222,1.111111,0.222222,0.750000,13.800000
1,0,6.288889,2.422222,1.111111,-0.222222,0.750000,13.800000
0,0,5.733333,-2.000000,1.111111,0.222222,0.750000,13.900000
1,0,6.400000,2.400000,1.111111,-0.222222,0.750000,13.900000
0,0,5.844444,-1.977778,1.111111,0.222222,0.750000,14.000000
1,0,6.511111,2.377778,1.111111,-0.222222,0.750000,14.000000
0,0,5.955556,-1.955556,1.111111,0.222222,0.750000,14.100000
1,0,6.622222,2.355556,1.111111,-0.222222,0.750000,14.100000
0,0,6.066667,-1.933333,1.111111,0.222222,0.750000,14.200000
1,0,6.733333,2.333333,1.111111,-0.222222,0.750000,14.200000
0,0,6.177778,-1.911111,1.111111,0.222222,0.750000,14.300000
1,0,6.844444,2.311111,1.111111,-0.222222,0.750000,14.300000
0,0,6.288889,-1.888889,1.111111,0.222222,0.750000,14.400000
1,0,6.955556,2.288889,1.111111,-0.222222,0.750000,14.400000
0,0,6.400000,-1.866667,1.111111,0.222222,0.750000,14.500000
1,0,7.066667,2.266667,1.111111,-0.222222,0.750000,14.500000
0,0,6.511111,-1.844444,1.111111,0.222222,0.750000,14.600000
1,0,7.177778,2.244444,1.111111,-0.222222,0.750000,14.600000
0,0,6.622222,-1.822222,1.111111,0.222222,0.750000,14.700000
1,0,7.288889,2.222222,1.111111,-0.222222,0.750000,14.700000
0,0,6.733333,-1.800000,1.111111,0.222222,0.750000,14.800000
1,0,7.400000,2.200000,1.111111,-0.222222,0.750000,14.800000
0,0,6.844444,-1.777778,1.111111,0.222222,0.750000,14.900000
1,0,7.511111,2.177778,1.111111,-0.222222,0.750000,14.900000
0,0,6.955556,-1.755556,1.111111,0.222222,0.750000,15.000000
1,0,7.622222,2.155556,1.111111,-0.222222,0.750000,15.000000
0,0,7.066667,-1.733333,1.111111,0.222222,0.750000,15.100000
1,0,7.733333,2.133333,1.111111,-0.222222,0.750000,15.100000
0,0,7.177778,-1.711111,1.111111,0.222222,0.750000,15.200000
1,0,7.844444,2.111111,1.111111,-0.222222,0.750000,15.200000
0,0,7.288889,-1.688889,1.111111,0.222222,0.750000,15.300000
1,0,7.955556,2.088889,1.111111,-0.222222,0.750000,15.300000
0,0,7.400000,-1.666667,1.111111,0.222222,0.750000,15.400000
1,0,8.022222,2.066667,0.666667,-0.222222,0.750000,15.400000
0,0,7.511111,-1.644444,1.111111,0.222222,0.750000,15.500000
1,0,8.088889,2.044444,0.666667,-0.222222,0.750000,15.500000
0,0,7.622222,-1.622222,1.111111,0.222222,0.750000,15.600000
1,0,8.155556,2.022222,0.666667,-0.222222,0.750000,15.600000
0,0,7.733333,-1.600000,1.111111,0.222222,0.750000,15.700000
1,0,8.222222,2.000000,0.666667,-0.222222,0.750000,15.700000
0,0,7.844444,-1.577778,1.111111,0.222222,0.750000,15.800000
1,0,8.288889,1.977778,0.666667,-0.222222,0.750000,15.800000
0,0,7.955556,-1.555556,1.111111,0.222222,0.750000,15.900000
1,0,8.355556,1.955556,0.666667,-0.222222,0.750000,15.900000
0,0,8.066667,-1.533333,1.111111,0.222222,0.750000,16.000000
1,0,8.422222,1.933333,0.666667,-0.222222,0.750000,16.000000
1,0,8.488889,1.911111,0.666667,-0.222222,0.750000,16.100000
